title	predicted	actual	threshold_pred
Universality probability	0.08899461862319435	1.0	False
Reachability problem	0.14599292724083004	1.0	False
New literacies	0.02825125331493957	1.0	False
.sch (file extension)	0.11229045459120159	1.0	False
Lebedev Institute of Precision Mechanics and Computer Engineering	0.12684002035524589	1.0	False
Parallel Processing Letters	0.08386817545329638	1.0	False
Alexandra Elbakyan	0.17855414121202687	1.0	False
Australian Partnership for Advanced Computing	0.1521174908075302	1.0	False
Small-bias sample space	0.05719240945822251	1.0	False
Semigroup action	0.03816284922010159	1.0	False
Brown University Interactive Language	0.1760667361135553	1.0	False
Software prototyping	0.07355196323865461	1.0	False
Chung Kwei (algorithm)	0.03282601924207093	1.0	False
Mahaney's theorem	0.06485013282558189	1.0	False
Beam stack search	0.15740113201735012	1.0	False
Category:Operating system criticisms	0.019115008703822847	1.0	False
Score bug	0.019528106273454564	1.0	False
Category:ASP.NET	0.03249221470538902	1.0	False
Computational particle physics	0.05246715887728433	1.0	False
Category:Mathematics of computing	0.012105654467217812	1.0	False
E2open	0.012702997852262875	1.0	False
HEC-1	0.10961601472486585	1.0	False
Journal of Interconnection Networks	0.0784603606670525	1.0	False
Category:Hacking in the 1980s	0.03983705158763136	1.0	False
Category:Video game development	0.006750011418018173	1.0	False
ACM International Conference on Design of Communication	0.1503939701232998	1.0	False
Scrolling	0.17029821915032348	1.0	False
Irish Universities Association	0.13426935009085272	1.0	False
Four Horsemen of the Infocalypse	0.02026144605907642	1.0	False
Molly Holzschlag	0.07955937591491319	1.0	False
National Coding Week	0.1494759919763678	1.0	False
DIT School of Electrical & Electronic Engineering	0.004980035094075379	1.0	False
Computer Arts Society	0.16387279141153085	1.0	False
Category:Political software	0.07685016555987308	1.0	False
List of Six Sigma software packages	0.16314793774049338	1.0	False
Learning relationship management	0.0673998461194632	1.0	False
Signal averaging	0.0633258205228406	1.0	False
SEMAT	0.052997128958635446	1.0	False
Artificial chemistry	0.001033376833308164	1.0	False
UAV Outback Challenge	0.06256219661576386	1.0	False
Category:MSX	0.029005317669143257	1.0	False
Yoshua Bengio	0.11869571726410677	1.0	False
Constructible function	0.17476507420159837	1.0	False
Conference on Knowledge Discovery and Data Mining	0.15138699164490876	1.0	False
Category:Graph drawing	0.006672410397198808	1.0	False
Category:Vaporware	0.05387740229754022	1.0	False
Kinemation	0.03802119163996497	1.0	False
Reproducing kernel particle method	0.14582579474884347	1.0	False
Cultural analytics	0.09899161262677206	1.0	False
Category:Video game controversies	0.16353081578136341	1.0	False
2D Z-transform	0.0702333742317106	1.0	False
Category:Software industry in India	0.07723472853109808	1.0	False
Computational immunology	0.04070344396604912	1.0	False
Banded waveguide synthesis	0.013213101755461828	1.0	False
John C. Butcher	0.16481569532073256	1.0	False
Anti-circumvention	0.014207042114099996	1.0	False
Epsilon transition	0.13267581188455907	1.0	False
Oracle Unified Method	0.10217706313523608	1.0	False
Category:Computer architects	0.17179963961676525	1.0	False
Autapse	0.1625896846575297	1.0	False
Feature complete	0.08665178079676839	1.0	False
Computer booking system	0.04973816992286432	1.0	False
Richards controller	0.10933333388257747	1.0	False
Line fitting	0.03302306735461426	1.0	False
File:BCIAwardWinner2014.jpg	0.037821381371111296	1.0	False
Gašper Tkačik	0.006482295450806733	1.0	False
Category:The Benjamin Franklin Medal in Computer and Cognitive Science laureates	0.10590213642827151	1.0	False
Software architectural style	0.15739508690748105	1.0	False
Černy conjecture	0.0661434981801686	1.0	False
Kate Craig-Wood	0.1521294797295094	1.0	False
Horizons: Software Starter Pack	0.08679299344573634	1.0	False
Kuchu Collective	0.13249888186444855	1.0	False
Category:Dpkg	0.037821381371111296	1.0	False
Reflection lines	0.059273585725490255	1.0	False
Enterprise legal management	0.11093125581074617	1.0	False
Category:TI-83&4 series Zilog Z80 software	0.16718554816999343	1.0	False
Plane wave expansion method	0.06625475182882896	1.0	False
Computational sustainability	0.019504833907566004	1.0	False
Time-domain harmonic scaling	0.0657593970295026	1.0	False
Category:Solaris software	0.15822750873374788	1.0	False
File:Opencast-software-logo.svg	0.037821381371111296	1.0	False
Tony Almeida	0.108853960856821	1.0	False
Render layers	0.08318665144179535	1.0	False
Hennessy–Milner logic	0.11987536924999816	1.0	False
Category:Internet properties by year of establishment	0.01590068106871461	1.0	False
Dynamic epistemic logic	0.015758440540364096	1.0	False
Fritz John conditions	0.14343925787817274	1.0	False
Merge window	0.16180330869943163	1.0	False
File:Sick Sad Life.jpg	0.11051690099987048	1.0	False
Category:Virtual babies	0.05441044232113437	1.0	False
Category:Virtual pets	0.026885915604702666	1.0	False
Generalized Environmental Modeling System for Surfacewaters	0.004396073491410339	1.0	False
Tardiness (scheduling)	0.050163356311574106	1.0	False
Category:Screenshots of Netscape software	0.0911258173733576	1.0	False
Randy Pausch	0.13433063450694493	1.0	False
Advanced process control	0.016501868210153973	1.0	False
Neil J. Gunther	0.09388688277800229	1.0	False
History of Gandalf Technologies	0.03522498915893967	1.0	False
International Journal of Computational Geometry and Applications	0.14632724203453815	1.0	False
Garmin BaseCamp	0.10365216860375635	1.0	False
Contract Net Protocol	0.04741085418144221	1.0	False
Arithmetic IF	0.09799792032930094	1.0	False
Sri Lanka Software Testing Board	0.09127305811073651	1.0	False
Aurora (novel)	0.01867801926399593	1.0	False
Theoi Project	0.0012216503551134236	1.0	False
Stefan Burr	0.08334678566177943	1.0	False
Book:Computer Networking	0.032962625691393466	1.0	False
International Journal of Uncertainty, Fuzziness and Knowledge-Based Systems	0.17090480230877456	1.0	False
Digital on-screen graphic	0.0924695830998494	1.0	False
Post open source	0.13989963852267037	1.0	False
Category:Portable software	0.07807021551727863	1.0	False
Darkforest	0.021464853900383624	1.0	False
SPIN (software process)	0.14405169154272826	1.0	False
ESRB re-rating of The Elder Scrolls IV: Oblivion	0.11484335496119297	1.0	False
Features of Skype	0.14492745996661574	1.0	False
Category:Singularitarianism	0.05779666985802808	1.0	False
Liu Jiren	0.07034540171743517	1.0	False
Spike-triggered covariance	0.13544039634606242	1.0	False
Artificially Expanded Genetic Information System	0.063960572769192	1.0	False
CR Rao Advanced Institute of Mathematics, Statistics and Computer Science	0.1414958177764231	1.0	False
Applicative functor	0.08607898780795728	1.0	False
Category:Diversity in computing	0.037821381371111296	1.0	False
Category:Algorithmic information theory	0.034397339579808686	1.0	False
Category:Parsing algorithms	0.12147280275373872	1.0	False
Attentive user interface	0.1677800314852663	1.0	False
Category:Analysis of algorithms	0.12147280275373872	1.0	False
Computers and writing	0.06864597869142182	1.0	False
International Journal of Wavelets, Multiresolution and Information Processing	0.06428682849423048	1.0	False
ICAD (software)	0.17485542014141814	1.0	False
Computer experiment	0.1066438180680571	1.0	False
IFIP WG 13.6 - Human Work Interaction Design	0.06779498788873341	1.0	False
Network Centric Product Support	0.03372458750771875	1.0	False
Genomatix	0.05887144664624482	1.0	False
Dorothy Blum	0.07850810080494346	1.0	False
List of video game emulators	0.04866501858924119	1.0	False
Function-level programming	0.1746605939251501	1.0	False
File:Gazebo logo.svg	0.07124060160685686	1.0	False
IEEE Transactions on Control Systems and Technology	0.07487983256006915	1.0	False
Concepts, Techniques, and Models of Computer Programming	0.09476799474762193	1.0	False
International Electron Devices Meeting	0.06280762993854454	1.0	False
Category:Public-domain software with source code	0.04586189171271776	1.0	False
Combinatorica	0.09743541050358623	1.0	False
Astrochicken	0.05043790156052468	1.0	False
Category:Nortel products	0.06714766092956162	1.0	False
Qualification principle	0.039702670525542244	1.0	False
Joanne M. Cohoon	0.13866725710567315	1.0	False
Category:Finite automata	0.08169681896137326	1.0	False
Behavioral modeling in computer-aided design	0.06352614733943912	1.0	False
Types and Programming Languages	0.13581245838136732	1.0	False
ACM ICPC Dhaka Site	0.06500303221127783	1.0	False
Software Testing, Verification & Reliability	0.14206084558833268	1.0	False
History of NCR Corporation	0.09493852095312767	1.0	False
International Journal of Software Engineering and Knowledge Engineering	0.023135133297823712	1.0	False
British Computer Society Young Professionals Group	0.1679251358919534	1.0	False
CHI Academy	0.026780959288016052	1.0	False
List of SAP products	0.06407026765170891	1.0	False
List of ACM-W Celebrations	0.08241843591607531	1.0	False
Canadian University Software Engineering Conference	0.10452184319164755	1.0	False
Computational law	0.0712433179875907	1.0	False
Book:Software testing	0.03187348794524194	1.0	False
K-regular sequence	0.027090753191113103	1.0	False
File:Welcome to Mercury Center, 1993.png	0.08476994723929389	1.0	False
Lori McCreary	0.009968083533995559	1.0	False
OpenRL	0.07615192099931739	1.0	False
SIAM Journal on Computing	0.17811159578637117	1.0	False
Comma code	0.039843301613645264	1.0	False
Software publisher	0.06452486900341461	1.0	False
Epistemic modal logic	0.003941468652517619	1.0	False
File:BCIAward2013.jpg	0.037821381371111296	1.0	False
History of email spam	0.0573176787013621	1.0	False
IEEE John von Neumann Medal	0.13843310493882668	1.0	False
ITCRA	0.07604491584525637	1.0	False
Physically based animation	0.12012861213879986	1.0	False
History of Burroughs Corporation	0.05482914783459396	1.0	False
Chatterbox Challenge	0.003615596317045215	1.0	False
CETpD	0.1437608992988563	1.0	False
Map segmentation	0.047340467024118454	1.0	False
Category:NP-complete problems	0.04103488806257017	1.0	False
Category:Internet by country	0.024112535592078512	1.0	False
Landscape design software	0.0028270892556954206	1.0	False
International Journal of Computational Methods	0.14888770015515881	1.0	False
Himetric	0.10732513156287149	1.0	False
Gödel machine	0.06503937655863874	1.0	False
Symmetrization methods	0.045244756013892475	1.0	False
Consed	0.04952990514939237	1.0	False
Continuous Function Chart	0.05980376139656608	1.0	False
National Institute of Genetics	0.07465434993127579	1.0	False
English Broadside Ballad Archive	0.14129412593002513	1.0	False
Franz Alt (mathematician)	0.022606735999385306	1.0	False
Computer Model Railroad Interface	0.01913279639585698	1.0	False
Drop shadow	0.04549539161092143	1.0	False
Category:Roboticists	0.08000689027036818	1.0	False
Rachel Binx	0.08437694665126294	1.0	False
Mycoplasma laboratorium	0.016900852596674745	1.0	False
Category:IBM PC compatibles	0.09300404099078156	1.0	False
Signed overpunch	0.03723027380129297	1.0	False
Global Public Health Intelligence Network	0.060181905888223836	1.0	False
Categorical logic	0.015362453843848309	1.0	False
Computer Dreams	0.017679639391579616	1.0	False
Collaboration-oriented architecture	0.06768372979974305	1.0	False
Benji Dunn	0.02911705127604725	1.0	False
Zeno (programming language)	0.1580030292225168	1.0	False
Turtle Geometry	0.09704594779768101	1.0	False
File:BCIAward2015.jpg	0.037821381371111296	1.0	False
Data diddling	0.06494137578150579	1.0	False
List of ACM-W chapters	0.0943570744281041	1.0	False
Andreas Brandstädt	0.12974862777661128	1.0	False
Transcriptor	0.0038358679310032374	1.0	False
Automatic sequence	0.16967589730511315	1.0	False
Santa Claus machine	0.005448143440306639	1.0	False
Dual norm	0.0025882054894902982	1.0	False
International Journal of Creative Computing	0.02044965809056892	1.0	False
Hardware architect	0.0026876046201701593	1.0	False
Captology	0.1732906872357856	1.0	False
Netflix Prize	0.05091307105071551	1.0	False
S-procedure	0.008810724398551382	1.0	False
Computer Russification	0.15489635557497997	1.0	False
CoSy (computer conferencing system)	0.14280188737934668	1.0	False
CompuMath Citation Index	0.09966966700594798	1.0	False
Combs method	0.03506790311110941	1.0	False
Database System Concepts	0.15914893035619668	1.0	False
Category:SQLite	0.037821381371111296	1.0	False
Dolinar receiver	0.008496392382551062	1.0	False
Category:Tablet computers by year of introduction	0.07418583020940132	1.0	False
Category:Interrupts	0.037821381371111296	1.0	False
Microfit	0.016838285123896034	1.0	False
